{
    "swagger": "2.0",
    "info": {
        "version": "1.0",
        "title": "budget_apple_api",
        "description": "API for budget_apple",
        "license": {
            "name": "MIT",
            "url": "https://opensource.org/licenses/MIT"
        }
    },
    "host": "localhost:4000",
    "basePath": "/",
    "tags": [
        {
            "name": "Category",
            "description": "Category API"
        }
    ],
    "schemes": ["http"],
    "consumes": ["application/json"],
    "produces": ["application/json"],
    "paths": {
        "/api/category": {
            "get": {
                "tags": ["Category"],
                "summary": "Get all categories",
                "parameters": [
                    {
                        "name": "categoryName",
                        "in": "query",
                        "required": false,
                        "description": "Category Name",
                        "type": "string"
                    },
                    {
                        "name": "page",
                        "in": "query",
                        "required": false,
                        "description": "Page Number",
                        "type": "integer",
                        "default": 1
                    },
                    {
                        "name": "pageSize",
                        "in": "query",
                        "required": false,
                        "description": "Page Size",
                        "type": "integer",
                        "default": 10
                    }
                ],
                "responses": {
                    "200": {
                        "description": "OK",
                        "schema": {
                            "$ref": "#/definitions/ServiceResponse"
                        }
                    }
                }
            },
            "post": {
                "tags": ["Category"],
                "summary": "Create category API",
                "parameters": [
                    {
                        "name": "categoryName",
                        "in": "fromData",
                        "description": "Category Name",
                        "required": true,
                        "type": "string"
                    },
                    {
                        "name": "categoryDescription",
                        "in": "fromData",
                        "description": "Category Description",
                        "type": "string"
                    },
                    {
                        "name": "categoryImage",
                        "in": "fromData",
                        "description": "Category Image",
                        "type": "file"
                    }
                ],
                "responses": {
                    "200": {
                        "description": "OK",
                        "schema": {
                            "$ref": "#/definitions/ServiceResponse"
                        }
                    }
                }
            }
        },
        "/api/category/{id}": {
            "parameters":[
                {
                    "name": "id",
                    "in": "path",
                    "required": true,
                    "description": "Category Id",
                    "type": "string"
                }
            ],
            "get": {
                "tags": ["Category"],
                "summary": "Category Details based on category Id",
                "responses": {
                    "200": {
                        "description": "OK",
                        "schema": {
                            "$ref": "#/definitions/ServiceResponse"
                        }
                    }
                }
            },
            "put": {
                "tags": ["Category"],
                "summary": "Update category API",
                "parameters": [
                    {
                        "name": "categoryName",
                        "in": "fromData",
                        "description": "Category Name",
                        "required": true,
                        "type": "string"
                    },
                    {
                        "name": "categoryDescription",
                        "in": "fromData",
                        "description": "Category Description",
                        "type": "string"
                    },
                    {
                        "name": "categoryImage",
                        "in": "fromData",
                        "description": "Category Image",
                        "type": "file"
                    }
                ],
                "responses": {
                    "200": {
                        "description": "OK",
                        "schema": {
                            "$ref": "#/definitions/ServiceResponse"
                        }
                    }
                }
            },
            "delete": {
                "tags": ["Category"],
                "summary": "Delete category API",
                "responses": {
                    "200": {
                        "description": "OK",
                        "schema": {
                            "$ref": "#/definitions/ServiceResponse"
                        }
                    }
                }
            }
        }
    },
    "definitions": {
        "Category": {
            "required":["categoryName","_id"],
            "properties":{
                "_id": {
                    "type": "integer",
                    "uniqueItems": true
                },
                "categoryName": {
                    "type": "string"
                },
                "categoryDescription": {
                    "type": "string"
                },
                "categoryImage": {
                    "type": "string"
                }
            }
        },
        "ServiceResponse": {
            "properties":{
                "message": {
                    "type": "string"
                },
                "data": {
                    "type": "array",
                    "items": {
                        "$ref": "#/definitions/Category"
                    }
                }
            }
        }
    }
}